Year,Make,Model,Class,Transmission,Cylinders,Engine,FuelType,City,Highway,Combined
1985,Alfa Romeo,Spider Veloce 2000,Two Seaters,Manual 5-spd,4,2,Regular,19,25,21
1985,Ferrari,Testarossa,Two Seaters,Manual 5-spd,12,4.9,Regular,9,14,11
1985,Dodge,Charger,Subcompact Cars,Manual 5-spd,4,2.2,Regular,23,33,27
1985,Dodge,B150/B250 Wagon 2WD,Vans,Automatic 3-spd,8,5.2,Regular,10,12,11
1993,Subaru,Legacy AWD Turbo,Compact Cars,Manual 5-spd,4,2.2,Premium,17,23,19
1993,Subaru,Loyale,Compact Cars,Automatic 3-spd,4,1.8,Regular,21,24,22
1993,Subaru,Loyale,Compact Cars,Manual 5-spd,4,1.8,Regular,22,29,25
1993,Toyota,Corolla,Compact Cars,Automatic 3-spd,4,1.6,Regular,23,26,24
1993,Toyota,Corolla,Compact Cars,Manual 5-spd,4,1.6,Regular,23,31,26
1993,Toyota,Corolla,Compact Cars,Automatic 4-spd,4,1.8,Regular,23,30,25
1993,Toyota,Corolla,Compact Cars,Manual 5-spd,4,1.8,Regular,23,30,26
1993,Volkswagen,Golf III / GTI,Compact Cars,Automatic 4-spd,4,2,Regular,18,26,21
1993,Volkswagen,Golf III / GTI,Compact Cars,Manual 5-spd,4,2,Regular,21,29,24
1993,Volkswagen,Jetta III,Compact Cars,Automatic 4-spd,4,2,Regular,18,26,21
1985,Dodge,B150/B250 Wagon 2WD,Vans,Automatic 3-spd,8,5.2,Regular,12,15,13
1993,Volkswagen,Jetta III,Compact Cars,Manual 5-spd,4,2,Regular,20,28,23
1993,Volvo,240,Compact Cars,Automatic 4-spd,4,2.3,Regular,18,23,20
1993,Volvo,240,Compact Cars,Manual 5-spd,4,2.3,Regular,19,26,21
1993,Audi,100,Midsize Cars,Automatic 4-spd,6,2.8,Premium,17,22,19
1993,Audi,100,Midsize Cars,Manual 5-spd,6,2.8,Premium,17,24,19
1993,BMW,740i,Midsize Cars,Automatic 5-spd,8,4,Premium,14,20,16
1993,BMW,740il,Midsize Cars,Automatic 5-spd,8,4,Premium,14,20,16
1993,BMW,750il,Midsize Cars,Automatic 4-spd,12,5,Regular,11,17,13
1993,Buick,Century,Midsize Cars,Automatic 3-spd,4,2.2,Regular,21,28,23
1993,Buick,Century,Midsize Cars,Automatic 3-spd,6,3.3,Regular,17,24,19
1985,Dodge,B150/B250 Wagon 2WD,Vans,Manual 4-spd,8,5.2,Regular,11,17,13
1993,Buick,Century,Midsize Cars,Automatic 4-spd,6,3.3,Regular,18,26,21
1993,Buick,Regal,Midsize Cars,Automatic 3-spd,6,3.1,Regular,17,25,20
1993,Buick,Regal,Midsize Cars,Automatic 4-spd,6,3.1,Regular,17,27,20
1993,Buick,Regal,Midsize Cars,Automatic 4-spd,6,3.8,Regular,17,26,20
1993,Buick,Riviera,Midsize Cars,Automatic 4-spd,6,3.8,Regular,17,25,20
1993,Cadillac,Eldorado,Midsize Cars,Automatic 4-spd,8,4.6,Premium,15,23,18
1993,Cadillac,Eldorado,Midsize Cars,Automatic 4-spd,8,4.9,Premium,15,23,17
1993,Cadillac,Seville,Midsize Cars,Automatic 4-spd,8,4.6,Premium,15,23,18
1993,Cadillac,Seville,Midsize Cars,Automatic 4-spd,8,4.9,Premium,15,23,17
1993,Chevrolet,Lumina,Midsize Cars,Automatic 3-spd,4,2.2,Regular,18,26,21
1985,Dodge,B150/B250 Wagon 2WD,Vans,Manual 4-spd,8,5.2,Regular,11,17,13
1993,Chevrolet,Lumina,Midsize Cars,Automatic 3-spd,6,3.1,Regular,17,25,20
1993,Chevrolet,Lumina,Midsize Cars,Automatic 4-spd,6,3.1,Regular,17,27,20
1993,Chevrolet,Lumina,Midsize Cars,Automatic 4-spd,6,3.4,Regular,15,24,18
1993,Chevrolet,Lumina,Midsize Cars,Manual 5-spd,6,3.4,Regular,15,24,18
1993,Chrysler,New Yorker,Midsize Cars,Automatic 4-spd,6,3.3,Regular,18,24,20
1993,CX Automotive,XM v6,Midsize Cars,Manual 5-spd,6,3,Premium,13,19,15
1993,CX Automotive,XM v6a,Midsize Cars,Automatic 4-spd,6,3,Premium,13,19,15
1993,Nissan,Maxima,Midsize Cars,Automatic 4-spd,6,3,Premium,17,23,19
1993,Nissan,Maxima,Midsize Cars,Automatic 4-spd,6,3,Premium,17,24,19
1993,Nissan,Maxima,Midsize Cars,Manual 5-spd,6,3,Premium,18,24,20
1985,Dodge,B150/B250 Wagon 2WD,Vans,Automatic 3-spd,8,5.9,Regular,9,11,10
1993,Dodge,Dynasty,Midsize Cars,Automatic 3-spd,4,2.5,Regular,18,24,21
1993,Dodge,Dynasty,Midsize Cars,Automatic 4-spd,6,3,Regular,18,26,21
1993,Dodge,Dynasty,Midsize Cars,Automatic 4-spd,6,3.3,Regular,18,24,20
1993,Dodge,Spirit,Midsize Cars,Automatic 3-spd,4,2.5,Regular,19,24,21
1993,Dodge,Spirit,Midsize Cars,Automatic 3-spd,4,2.5,Regular,21,26,23
1993,Dodge,Spirit,Midsize Cars,Manual 5-spd,4,2.5,Regular,22,29,25
1993,Dodge,Spirit,Midsize Cars,Automatic 3-spd,6,3,Regular,18,24,20
1993,Dodge,Spirit,Midsize Cars,Automatic 4-spd,6,3,Regular,18,26,21
1993,Ford,Taurus,Midsize Cars,Automatic 4-spd,6,3,Regular,18,27,21
1993,Ford,Taurus SHO,Midsize Cars,Manual 5-spd,6,3,Premium,16,24,19
1985,Dodge,B350 Wagon 2WD,Vans,Automatic 3-spd,8,5.2,Regular,10,11,10
1993,Ford,Taurus,Midsize Cars,Automatic 4-spd,6,3.8,Regular,17,25,20
1993,Ford,Thunderbird,Midsize Cars,Automatic 4-spd,6,3.8,Regular,17,24,20
1993,Ford,Thunderbird,Midsize Cars,Automatic 4-spd,6,3.8,Premium,15,21,17
1993,Ford,Thunderbird,Midsize Cars,Manual 5-spd,6,3.8,Premium,15,22,18
1993,Ford,Thunderbird,Midsize Cars,Automatic 4-spd,8,5,Regular,15,22,18
1993,Hyundai,Sonata,Midsize Cars,Automatic 4-spd,4,2,Regular,18,25,20
1993,Hyundai,Sonata,Midsize Cars,Manual 5-spd,4,2,Regular,18,24,20
1993,Hyundai,Sonata,Midsize Cars,Automatic 4-spd,6,3,Regular,16,22,18
1993,Infiniti,Q45,Midsize Cars,Automatic 4-spd,8,4.5,Premium,15,20,17
1993,Infiniti,Q45 Full-Active Suspension,Midsize Cars,Automatic 4-spd,8,4.5,Premium,14,18,15
1985,Dodge,B350 Wagon 2WD,Vans,Automatic 3-spd,8,5.2,Regular,10,11,10
1993,Lexus,LS 400,Midsize Cars,Automatic 4-spd,8,4,Premium,16,22,18
1993,Mercury,Cougar,Midsize Cars,Automatic 4-spd,6,3.8,Regular,17,24,19
1993,Mercury,Cougar,Midsize Cars,Automatic 4-spd,8,5,Regular,15,22,18
1993,Mercury,Sable,Midsize Cars,Automatic 4-spd,6,3,Regular,18,27,21
1993,Mercury,Sable,Midsize Cars,Automatic 4-spd,6,3.8,Regular,17,25,20
1993,Mazda,626,Midsize Cars,Automatic 4-spd,4,2,Regular,21,28,23
1993,Mazda,626,Midsize Cars,Manual 5-spd,4,2,Regular,23,31,26
1993,Mazda,626,Midsize Cars,Automatic 4-spd,6,2.5,Premium,17,23,19
1993,Mazda,626,Midsize Cars,Manual 5-spd,6,2.5,Premium,18,24,20
1993,Mazda,929,Midsize Cars,Automatic 4-spd,6,3,Premium,17,22,19
1985,Dodge,B350 Wagon 2WD,Vans,Automatic 3-spd,8,5.9,Regular,9,10,10
1993,Oldsmobile,Cutlass Ciera,Midsize Cars,Automatic 3-spd,4,2.2,Regular,21,28,23
1993,Oldsmobile,Cutlass Ciera,Midsize Cars,Automatic 3-spd,6,3.3,Regular,17,24,19
1993,Oldsmobile,Cutlass Ciera,Midsize Cars,Automatic 4-spd,6,3.3,Regular,18,26,21
1993,Oldsmobile,Cutlass Supreme,Midsize Cars,Automatic 3-spd,6,3.1,Regular,17,25,20
1993,Oldsmobile,Cutlass Supreme,Midsize Cars,Automatic 4-spd,6,3.1,Regular,17,27,20
1993,Oldsmobile,Cutlass Supreme,Midsize Cars,Automatic 4-spd,6,3.4,Regular,15,24,18
1993,Oldsmobile,Cutlass Supreme,Midsize Cars,Manual 5-spd,6,3.4,Regular,15,24,18
1993,Oldsmobile,Toronado,Midsize Cars,Automatic 4-spd,6,3.8,Regular,17,25,20
1993,Plymouth,Acclaim,Midsize Cars,Automatic 3-spd,4,2.5,Regular,19,24,21
1993,Plymouth,Acclaim,Midsize Cars,Automatic 3-spd,4,2.5,Regular,21,26,23
1985,Ford,E150 Club Wagon,Vans,Automatic 3-spd,6,4.9,Regular,12,15,13
1993,Plymouth,Acclaim,Midsize Cars,Manual 5-spd,4,2.5,Regular,22,29,25
1993,Plymouth,Acclaim,Midsize Cars,Automatic 3-spd,6,3,Regular,18,24,20
1993,Plymouth,Acclaim,Midsize Cars,Automatic 4-spd,6,3,Regular,18,26,21
1993,Pontiac,Grand Prix,Midsize Cars,Automatic 3-spd,6,3.1,Regular,17,25,20
1993,Pontiac,Grand Prix,Midsize Cars,Automatic 4-spd,6,3.1,Regular,17,27,20
1993,Pontiac,Grand Prix,Midsize Cars,Automatic 4-spd,6,3.4,Regular,15,24,18
1993,Pontiac,Grand Prix,Midsize Cars,Manual 5-spd,6,3.4,Regular,15,24,18
1993,Rolls-Royce,Brooklands/Brklnds L,Midsize Cars,Automatic 4-spd,8,6.8,Premium,9,13,11
1993,Rolls-Royce,Turbo R/Turbo R(lwb),Midsize Cars,Automatic 4-spd,8,6.8,Premium,10,15,11
1993,Rolls-Royce,Silver Spirit II/Silver Spur,Midsize Cars,Automatic 4-spd,8,6.8,Premium,9,13,11
1985,Ford,E150 Club Wagon,Vans,Automatic 4-spd,6,4.9,Regular,13,17,14
1993,Toyota,Camry,Midsize Cars,Automatic 4-spd,4,2.2,Regular,18,26,21
1993,Toyota,Camry,Midsize Cars,Manual 5-spd,4,2.2,Regular,19,27,22
1993,Toyota,Camry,Midsize Cars,Automatic 4-spd,6,3,Regular,16,22,19
1993,Toyota,Camry,Midsize Cars,Manual 5-spd,6,3,Regular,16,22,18
1993,Volkswagen,Passat,Midsize Cars,Automatic 4-spd,4,2,Regular,18,26,21
1993,Volkswagen,Passat,Midsize Cars,Manual 5-spd,4,2,Regular,18,28,22
1993,Volkswagen,Passat,Midsize Cars,Automatic 4-spd,6,2.8,Regular,15,22,18
1993,Volkswagen,Passat,Midsize Cars,Manual 5-spd,6,2.8,Regular,17,25,20
1993,Volvo,850,Midsize Cars,Automatic 4-spd,5,2.4,Regular,18,26,21
1993,Volvo,850,Midsize Cars,Manual 5-spd,5,2.4,Regular,18,27,21
1985,Dodge,Charger,Subcompact Cars,Manual 5-spd,4,2.2,Premium,18,27,21
1985,Ford,E150 Club Wagon,Vans,Manual 4-spd,6,4.9,Regular,15,17,16
1993,Volvo,940,Midsize Cars,Automatic 4-spd,4,2.3,Regular,17,22,19
1993,Volvo,940,Midsize Cars,Automatic 4-spd,4,2.3,Regular,17,25,20
1993,Volvo,960,Midsize Cars,Automatic 4-spd,6,2.9,Regular,15,23,18
1993,Buick,LeSabre,Large Cars,Automatic 4-spd,6,3.8,Regular,17,26,20
1993,Buick,Park Avenue,Large Cars,Automatic 4-spd,6,3.8,Premium,15,25,18
1993,Buick,Park Avenue,Large Cars,Automatic 4-spd,6,3.8,Regular,17,25,20
1993,Buick,Roadmaster,Large Cars,Automatic 4-spd,8,5.7,Regular,15,23,17
1993,Cadillac,DeVille/60 Special,Large Cars,Automatic 4-spd,8,4.9,Premium,15,23,17
1993,Cadillac,Fleetwood,Large Cars,Automatic 4-spd,8,5.7,Regular,15,23,17
1993,Chevrolet,Caprice,Large Cars,Automatic 4-spd,6,4.3,Regular,16,24,19
1985,Ford,E150 Club Wagon,Vans,Automatic 4-spd,8,5,Regular,11,14,12
1993,Chevrolet,Caprice,Large Cars,Automatic 4-spd,8,5,Regular,15,24,18
1993,Chevrolet,Caprice,Large Cars,Automatic 4-spd,8,5.7,Regular,15,23,17
1993,Chrysler,Concorde,Large Cars,Automatic 4-spd,6,3.3,Regular,18,26,21
1993,Chrysler,Concorde,Large Cars,Automatic 4-spd,6,3.5,Regular,16,24,19
1993,Chrysler,Fifth Avenue/Imperial,Large Cars,Automatic 4-spd,6,3.3,Regular,18,24,20
1993,Chrysler,Fifth Avenue/Imperial,Large Cars,Automatic 4-spd,6,3.8,Regular,17,24,19
1993,Dodge,Intrepid,Large Cars,Automatic 4-spd,6,3.3,Regular,18,26,21
1993,Dodge,Intrepid,Large Cars,Automatic 4-spd,6,3.5,Regular,16,24,19
1993,Eagle,Vision,Large Cars,Automatic 4-spd,6,3.3,Regular,18,26,21
1993,Eagle,Vision,Large Cars,Automatic 4-spd,6,3.5,Regular,16,24,19
1985,Ford,E150 Club Wagon,Vans,Automatic 3-spd,8,5.8,Regular,10,12,11
1993,Ford,LTD Crown Victoria,Large Cars,Automatic 4-spd,8,4.6,Regular,16,24,19
1993,Lincoln,Continental,Large Cars,Automatic 4-spd,6,3.8,Regular,15,24,18
1993,Mercury,Grand Marquis,Large Cars,Automatic 4-spd,8,4.6,Regular,16,24,19
1993,Lincoln,Town Car,Large Cars,Automatic 4-spd,8,4.6,Regular,16,24,19
1993,Mercedes-Benz,300SD,Large Cars,Automatic 4-spd,6,3.5,Diesel,18,22,19
1993,Mercedes-Benz,300SE,Large Cars,Automatic 5-spd,6,3.2,Premium,14,18,15
1993,Mercedes-Benz,400SEL,Large Cars,Automatic 4-spd,8,4.2,Premium,13,17,14
1993,Mercedes-Benz,500SEL,Large Cars,Automatic 4-spd,8,5,Premium,12,16,13
1993,Oldsmobile,Eighty-Eight,Large Cars,Automatic 4-spd,6,3.8,Regular,17,26,20
1993,Oldsmobile,Ninety-Eight,Large Cars,Automatic 4-spd,6,3.8,Regular,17,25,20
1985,GMC,G15/25 Rally 2WD,Vans,Automatic 3-spd,6,4.3,Regular,14,16,15
1993,Oldsmobile,Ninety-Eight,Large Cars,Automatic 4-spd,6,3.8,Premium,15,25,18
1993,Pontiac,Bonneville,Large Cars,Automatic 4-spd,6,3.8,Premium,15,23,18
1993,Pontiac,Bonneville,Large Cars,Automatic 4-spd,6,3.8,Regular,17,26,20
1993,Rolls-Royce,Silver Spur II Mpw Touring L,Large Cars,Automatic 4-spd,8,6.8,Premium,9,13,11
1993,Saab,9000,Large Cars,Automatic 4-spd,4,2.3,Regular,15,23,18
1993,Saab,9000,Large Cars,Automatic 4-spd,4,2.3,Regular,16,22,18
1993,Saab,9000,Large Cars,Manual 5-spd,4,2.3,Regular,17,24,19
1993,Saab,9000,Large Cars,Manual 5-spd,4,2.3,Regular,17,25,20
1993,Audi,100 quattro Wagon,Small Station Wagons,Automatic 4-spd,6,2.8,Premium,16,20,18
1993,BMW,525i Touring,Small Station Wagons,Automatic 4-spd,6,2.5,Premium,16,23,19
1985,GMC,G15/25 Rally 2WD,Vans,Automatic 4-spd,6,4.3,Regular,15,17,16
1993,Chevrolet,Cavalier Wagon,Small Station Wagons,Automatic 3-spd,4,2.2,Regular,21,28,23
1993,Chevrolet,Cavalier Wagon,Small Station Wagons,Automatic 3-spd,6,3.1,Regular,18,26,21
1993,CX Automotive,XM v6 Break,Small Station Wagons,Automatic 4-spd,6,3,Premium,13,19,15
1993,Ford,Escort Wagon,Small Station Wagons,Automatic 4-spd,4,1.9,Regular,22,30,25
1993,Ford,Escort Wagon,Small Station Wagons,Manual 5-spd,4,1.9,Regular,25,33,28
1993,Honda,Accord Wagon,Small Station Wagons,Automatic 4-spd,4,2.2,Regular,18,24,21
1993,Honda,Accord Wagon,Small Station Wagons,Manual 5-spd,4,2.2,Regular,20,26,22
1993,Mercury,Tracer Wagon,Small Station Wagons,Automatic 4-spd,4,1.9,Regular,22,30,25
1993,Mercury,Tracer Wagon,Small Station Wagons,Manual 5-spd,4,1.9,Regular,25,33,28
1993,Saturn,SW,Small Station Wagons,Automatic 4-spd,4,1.9,Regular,22,32,26
1985,GMC,G15/25 Rally 2WD,Vans,Manual 3-spd,6,4.3,Regular,14,17,15
1993,Saturn,SW,Small Station Wagons,Automatic 4-spd,4,1.9,Regular,21,30,24
1993,Saturn,SW,Small Station Wagons,Manual 5-spd,4,1.9,Regular,24,33,28
1993,Saturn,SW,Small Station Wagons,Manual 5-spd,4,1.9,Regular,21,32,25
1993,Subaru,Legacy Wagon,Small Station Wagons,Automatic 4-spd,4,2.2,Regular,19,26,22
1993,Subaru,Legacy Wagon,Small Station Wagons,Manual 5-spd,4,2.2,Regular,20,28,23
1993,Subaru,Legacy Wagon AWD,Small Station Wagons,Automatic 4-spd,4,2.2,Regular,18,24,21
1993,Subaru,Legacy Wagon AWD,Small Station Wagons,Manual 5-spd,4,2.2,Regular,18,24,21
1993,Subaru,Legacy Wagon AWD Turbo,Small Station Wagons,Automatic 4-spd,4,2.2,Premium,16,21,18
1993,Subaru,Loyale Wagon,Small Station Wagons,Automatic 3-spd,4,1.8,Regular,21,24,22
1993,Subaru,Loyale Wagon,Small Station Wagons,Manual 5-spd,4,1.8,Regular,22,28,24
1985,GMC,G15/25 Rally 2WD,Vans,Automatic 3-spd,8,5,Regular,11,12,12
1993,Toyota,Corolla Wagon,Small Station Wagons,Automatic 4-spd,4,1.8,Regular,23,30,25
1993,Toyota,Corolla Wagon,Small Station Wagons,Manual 5-spd,4,1.8,Regular,23,30,26
1993,Buick,Century Wagon,Midsize-Large Station Wagons,Automatic 3-spd,4,2.2,Regular,18,26,21
1993,Buick,Century Wagon,Midsize-Large Station Wagons,Automatic 3-spd,6,3.3,Regular,17,24,19
1993,Buick,Century Wagon,Midsize-Large Station Wagons,Automatic 4-spd,6,3.3,Regular,18,26,21
1993,Eagle,Summit Wagon,Midsize-Large Station Wagons,Automatic 4-spd,4,1.8,Regular,18,23,20
1993,Eagle,Summit Wagon,Midsize-Large Station Wagons,Automatic 4-spd,4,1.8,Regular,21,26,23
1993,Eagle,Summit Wagon,Midsize-Large Station Wagons,Manual 5-spd,4,1.8,Regular,19,24,21
1993,Eagle,Summit Wagon,Midsize-Large Station Wagons,Manual 5-spd,4,1.8,Regular,21,26,23
1993,Eagle,Summit Wagon,Midsize-Large Station Wagons,Automatic 4-spd,4,2.4,Regular,17,22,19
1985,GMC,G15/25 Rally 2WD,Vans,Automatic 4-spd,8,5,Regular,12,16,14
1993,Eagle,Summit Wagon,Midsize-Large Station Wagons,Automatic 4-spd,4,2.4,Regular,18,24,20
1993,Eagle,Summit Wagon,Midsize-Large Station Wagons,Manual 5-spd,4,2.4,Regular,17,22,19
1993,Eagle,Summit Wagon,Midsize-Large Station Wagons,Manual 5-spd,4,2.4,Regular,19,26,21
1993,Ford,Taurus Wagon,Midsize-Large Station Wagons,Automatic 4-spd,6,3,Regular,18,27,21
1993,Ford,Taurus Wagon,Midsize-Large Station Wagons,Automatic 4-spd,6,3.8,Regular,17,25,20
1993,Mercury,Sable Wagon,Midsize-Large Station Wagons,Automatic 4-spd,6,3,Regular,18,27,21
1993,Mercury,Sable Wagon,Midsize-Large Station Wagons,Automatic 4-spd,6,3.8,Regular,17,25,20
1993,Mitsubishi,Expo,Midsize-Large Station Wagons,Automatic 4-spd,4,2.4,Regular,17,22,19
1993,Mitsubishi,Expo,Midsize-Large Station Wagons,Automatic 4-spd,4,2.4,Regular,18,24,20
1993,Mitsubishi,Expo,Midsize-Large Station Wagons,Manual 5-spd,4,2.4,Regular,17,22,19
1985,GMC,G15/25 Rally 2WD,Vans,Automatic 4-spd,8,5.7,Regular,11,16,13
1993,Mitsubishi,Expo,Midsize-Large Station Wagons,Manual 5-spd,4,2.4,Regular,19,26,21
1993,Mitsubishi,Expo.LRV,Midsize-Large Station Wagons,Automatic 4-spd,4,1.8,Regular,21,26,23
1993,Mitsubishi,Expo.LRV,Midsize-Large Station Wagons,Automatic 4-spd,4,1.8,Regular,18,23,20
1993,Mitsubishi,Expo.LRV,Midsize-Large Station Wagons,Manual 5-spd,4,1.8,Regular,21,26,23
1993,Mitsubishi,Expo.LRV,Midsize-Large Station Wagons,Manual 5-spd,4,1.8,Regular,19,24,21
1993,Mitsubishi,Expo.LRV,Midsize-Large Station Wagons,Automatic 4-spd,4,2.4,Regular,18,24,20
1993,Mitsubishi,Expo.LRV,Midsize-Large Station Wagons,Automatic 4-spd,4,2.4,Regular,17,22,19
1993,Mitsubishi,Expo.LRV,Midsize-Large Station Wagons,Manual 5-spd,4,2.4,Regular,19,26,21
1993,Mitsubishi,Expo.LRV,Midsize-Large Station Wagons,Manual 5-spd,4,2.4,Regular,17,22,19
1993,Oldsmobile,Cutlass Cruiser,Midsize-Large Station Wagons,Automatic 3-spd,4,2.2,Regular,18,26,21
1985,GMC,G15/25 Rally 2WD,Vans,Automatic 4-spd,8,6.2,Diesel,15,22,18
1993,Oldsmobile,Cutlass Cruiser,Midsize-Large Station Wagons,Automatic 3-spd,6,3.3,Regular,17,24,19
1993,Oldsmobile,Cutlass Cruiser,Midsize-Large Station Wagons,Automatic 4-spd,6,3.3,Regular,18,26,21
1993,Mitsubishi,Diamante Wagon,Midsize-Large Station Wagons,Automatic 4-spd,6,3,Premium,17,23,19
1993,Plymouth,Colt Vista,Midsize-Large Station Wagons,Automatic 4-spd,4,1.8,Regular,21,26,23
1993,Plymouth,Colt Vista,Midsize-Large Station Wagons,Automatic 4-spd,4,1.8,Regular,18,23,20
1993,Plymouth,Colt Vista,Midsize-Large Station Wagons,Manual 5-spd,4,1.8,Regular,21,26,23
1993,Plymouth,Colt Vista,Midsize-Large Station Wagons,Manual 5-spd,4,1.8,Regular,19,24,21
1993,Plymouth,Colt Vista,Midsize-Large Station Wagons,Automatic 4-spd,4,2.4,Regular,17,22,19
1993,Plymouth,Colt Vista,Midsize-Large Station Wagons,Automatic 4-spd,4,2.4,Regular,18,24,20
1993,Plymouth,Colt Vista,Midsize-Large Station Wagons,Manual 5-spd,4,2.4,Regular,17,22,19
1985,Dodge,Charger,Subcompact Cars,Manual 5-spd,4,2.2,Premium,17,26,20
1985,GMC,G15/25 Rally 2WD,Vans,Manual 4-spd,8,6.2,Diesel,16,19,17
1993,Plymouth,Colt Vista,Midsize-Large Station Wagons,Manual 5-spd,4,2.4,Regular,19,26,21
1993,Toyota,Camry Wagon,Midsize-Large Station Wagons,Automatic 4-spd,4,2.2,Regular,18,26,21
1993,Toyota,Camry Wagon,Midsize-Large Station Wagons,Automatic 4-spd,6,3,Regular,16,22,19
1993,Volkswagen,Passat Wagon,Midsize-Large Station Wagons,Automatic 4-spd,4,2,Regular,18,26,21
1993,Volkswagen,Passat Wagon,Midsize-Large Station Wagons,Manual 5-spd,4,2,Regular,18,28,22
1993,Volkswagen,Passat Wagon,Midsize-Large Station Wagons,Automatic 4-spd,6,2.8,Regular,15,22,18
1993,Volkswagen,Passat Wagon,Midsize-Large Station Wagons,Manual 5-spd,6,2.8,Regular,17,25,20
1993,Volvo,240 Wagon,Midsize-Large Station Wagons,Automatic 4-spd,4,2.3,Regular,18,23,20
1993,Volvo,240 Wagon,Midsize-Large Station Wagons,Manual 5-spd,4,2.3,Regular,18,25,21
1993,Volvo,940 Wagon,Midsize-Large Station Wagons,Automatic 4-spd,4,2.3,Regular,17,22,19
1985,GMC,G35 Rally 2WD,Vans,Automatic 4-spd,8,5.7,Regular,10,12,11
1993,Volvo,940 Wagon,Midsize-Large Station Wagons,Automatic 4-spd,4,2.3,Regular,17,25,20
1993,Volvo,960 Wagon,Midsize-Large Station Wagons,Automatic 4-spd,6,2.9,Regular,15,23,18
1993,Buick,Roadmaster Wagon,Midsize-Large Station Wagons,Automatic 4-spd,8,5.7,Regular,15,23,17
1993,Chevrolet,Caprice Wagon,Midsize-Large Station Wagons,Automatic 4-spd,8,5,Regular,15,23,18
1993,Chevrolet,Caprice Wagon,Midsize-Large Station Wagons,Automatic 4-spd,8,5.7,Regular,15,23,17
1993,Chevrolet,S10 Pickup 2WD,Small Pickup Trucks,Automatic 4-spd,4,2.5,Regular,18,24,20
1993,Chevrolet,S10 Pickup 2WD,Small Pickup Trucks,Manual 5-spd,4,2.5,Regular,20,25,22
1993,Chevrolet,S10 Pickup 2WD,Small Pickup Trucks,Manual 5-spd,6,2.8,Regular,17,23,19
1993,Chevrolet,S10 Pickup 2WD,Small Pickup Trucks,Automatic 4-spd,6,4.3,Regular,16,21,18
1993,Chevrolet,S10 Pickup 2WD,Small Pickup Trucks,Manual 5-spd,6,4.3,Regular,16,22,18
1985,GMC,Safari 2WD (passenger),Vans,Automatic 4-spd,4,2.5,Regular,18,24,20
1993,Nissan,Truck 2WD,Small Pickup Trucks,Automatic 4-spd,4,2.4,Regular,18,24,20
1993,Nissan,Truck 2WD,Small Pickup Trucks,Manual 5-spd,4,2.4,Regular,21,25,22
1993,Nissan,Truck 2WD,Small Pickup Trucks,Manual 5-spd,6,3,Regular,17,21,18
1993,Dodge,Ram 50 Pickup 2WD,Small Pickup Trucks,Automatic 4-spd,4,2.4,Regular,17,21,19
1993,Dodge,Ram 50 Pickup 2WD,Small Pickup Trucks,Manual 5-spd,4,2.4,Regular,17,22,19
1993,GMC,Sonoma 2WD,Small Pickup Trucks,Automatic 4-spd,4,2.5,Regular,18,24,20
1993,GMC,Sonoma 2WD,Small Pickup Trucks,Manual 5-spd,4,2.5,Regular,20,25,22
1993,GMC,Sonoma 2WD,Small Pickup Trucks,Manual 5-spd,6,2.8,Regular,17,23,19
1993,GMC,Sonoma 2WD,Small Pickup Trucks,Automatic 4-spd,6,4.3,Regular,16,21,18
1993,GMC,Sonoma 2WD,Small Pickup Trucks,Automatic 4-spd,6,4.3,Premium,15,22,18
1985,GMC,Safari 2WD (passenger),Vans,Manual 4-spd,4,2.5,Regular,19,24,21
1993,GMC,Sonoma 2WD,Small Pickup Trucks,Manual 5-spd,6,4.3,Regular,16,22,18
1993,Isuzu,Pickup 2WD,Small Pickup Trucks,Manual 5-spd,4,2.3,Regular,19,22,20
1993,Isuzu,Pickup 2WD,Small Pickup Trucks,Automatic 4-spd,4,2.6,Regular,17,22,19
1993,Isuzu,Pickup 2WD,Small Pickup Trucks,Manual 5-spd,4,2.6,Regular,16,22,18
1993,Mitsubishi,Truck 2WD,Small Pickup Trucks,Automatic 4-spd,4,2.4,Regular,17,21,19
1993,Mitsubishi,Truck 2WD,Small Pickup Trucks,Manual 5-spd,4,2.4,Regular,17,22,19
1993,Chevrolet,C1500 Pickup 2WD,Standard Pickup Trucks,Automatic 4-spd,6,4.3,Regular,15,20,17
1993,Chevrolet,C1500 Pickup 2WD,Standard Pickup Trucks,Manual 5-spd,6,4.3,Regular,15,20,17
1993,Chevrolet,C1500 Pickup 2WD,Standard Pickup Trucks,Manual 5-spd,6,4.3,Regular,14,20,16
1993,Chevrolet,C1500 Pickup 2WD,Standard Pickup Trucks,Manual 5-spd,6,4.3,Regular,15,19,16
1985,GMC,Safari 2WD (passenger),Vans,Manual 5-spd,4,2.5,Regular,19,26,22
1993,Chevrolet,C1500 Pickup 2WD,Standard Pickup Trucks,Automatic 4-spd,8,5,Regular,14,17,15
1993,Chevrolet,C1500 Pickup 2WD,Standard Pickup Trucks,Manual 5-spd,8,5,Regular,13,18,15
1993,Chevrolet,C1500 Pickup 2WD,Standard Pickup Trucks,Automatic 4-spd,8,5.7,Regular,13,17,14
1993,Chevrolet,C1500 Pickup 2WD,Standard Pickup Trucks,Manual 5-spd,8,5.7,Regular,12,17,14
1993,Chevrolet,C1500 Pickup 2WD,Standard Pickup Trucks,Manual 5-spd,8,5.7,Regular,12,16,14
1993,Chevrolet,C1500 Pickup 2WD,Standard Pickup Trucks,Automatic 4-spd,8,7.4,Regular,9,12,10
1993,Chevrolet,Pickup 2500 2WD,Standard Pickup Trucks,Automatic 4-spd,6,4.3,Regular,15,20,17
1993,Chevrolet,Pickup 2500 2WD,Standard Pickup Trucks,Manual 5-spd,6,4.3,Regular,14,20,16
1993,Chevrolet,Pickup 2500 2WD,Standard Pickup Trucks,Manual 5-spd,6,4.3,Regular,15,19,16
1993,Chevrolet,Pickup 2500 2WD,Standard Pickup Trucks,Automatic 4-spd,8,5,Regular,13,17,14
1985,GMC,Safari 2WD (passenger),Vans,Automatic 4-spd,6,4.3,Regular,15,20,17
1993,Chevrolet,Pickup 2500 2WD,Standard Pickup Trucks,Manual 5-spd,8,5,Regular,13,18,15
1993,Chevrolet,Pickup 2500 2WD,Standard Pickup Trucks,Automatic 4-spd,8,5.7,Regular,13,17,14
1993,Chevrolet,Pickup 2500 2WD,Standard Pickup Trucks,Manual 5-spd,8,5.7,Regular,12,17,14
1993,Chevrolet,Pickup 2500 2WD,Standard Pickup Trucks,Manual 5-spd,8,5.7,Regular,11,16,13
1993,Dodge,Dakota Pickup 2WD,Standard Pickup Trucks,Manual 5-spd,4,2.5,Regular,19,25,22
1993,Dodge,Dakota Pickup 2WD,Standard Pickup Trucks,Automatic 4-spd,6,3.9,Regular,14,18,16
1993,Dodge,Dakota Pickup 2WD,Standard Pickup Trucks,Manual 5-spd,6,3.9,Regular,14,20,16
1993,Dodge,Dakota Pickup 2WD,Standard Pickup Trucks,Automatic 4-spd,8,5.2,Regular,13,17,14
1993,Dodge,D100/D150 Pickup 2WD,Standard Pickup Trucks,Automatic 3-spd,6,3.9,Regular,14,16,15
1993,Dodge,D100/D150 Pickup 2WD,Standard Pickup Trucks,Automatic 4-spd,6,3.9,Regular,14,18,15
1985,GMC,Safari 2WD (passenger),Vans,Manual 4-spd,6,4.3,Regular,15,19,16
1993,Dodge,D100/D150 Pickup 2WD,Standard Pickup Trucks,Manual 5-spd,6,3.9,Regular,14,17,15
1993,Dodge,D100/D150 Pickup 2WD,Standard Pickup Trucks,Automatic 4-spd,8,5.2,Regular,11,16,13
1993,Dodge,D100/D150 Pickup 2WD,Standard Pickup Trucks,Manual 5-spd,8,5.2,Regular,12,16,13
1993,Dodge,D100/D150 Pickup 2WD,Standard Pickup Trucks,Automatic 4-spd,8,5.9,Regular,11,15,13
1993,Dodge,D100/D150 Pickup 2WD,Standard Pickup Trucks,Manual 5-spd,8,5.9,Regular,10,14,12
1993,Dodge,D250 Pickup 2WD,Standard Pickup Trucks,Automatic 3-spd,6,3.9,Regular,14,16,14
1993,Dodge,D250 Pickup 2WD,Standard Pickup Trucks,Manual 5-spd,6,3.9,Regular,11,16,13
1993,Dodge,D250 Pickup 2WD,Standard Pickup Trucks,Automatic 4-spd,8,5.2,Regular,11,16,13
1993,Dodge,D250 Pickup 2WD,Standard Pickup Trucks,Manual 5-spd,8,5.2,Regular,12,16,13
1993,Dodge,D250 Pickup 2WD,Standard Pickup Trucks,Automatic 4-spd,8,5.9,Regular,11,15,13
1985,GMC,Safari 2WD (passenger),Vans,Manual 5-spd,6,4.3,Regular,15,20,17
1993,Dodge,D250 Pickup 2WD,Standard Pickup Trucks,Manual 5-spd,8,5.9,Regular,10,14,12
1993,Jeep,Comanche Pickup 4WD,Standard Pickup Trucks,Manual 4-spd,4,2.5,Regular,18,20,19
1993,Jeep,Comanche Pickup 4WD,Standard Pickup Trucks,Manual 5-spd,4,2.5,Regular,17,20,18
1993,Jeep,Comanche Pickup 4WD,Standard Pickup Trucks,Automatic 4-spd,6,4,Regular,14,18,15
1993,Jeep,Comanche Pickup 4WD,Standard Pickup Trucks,Manual 5-spd,6,4,Regular,15,19,16
1993,Ford,F150 Pickup 2WD,Standard Pickup Trucks,Automatic 4-spd,6,4.9,Regular,14,18,15
1993,Ford,F150 Pickup 2WD,Standard Pickup Trucks,Manual 4-spd,6,4.9,Regular,15,17,15
1993,Ford,F150 Pickup 2WD,Standard Pickup Trucks,Manual 5-spd,6,4.9,Regular,14,18,15
1993,Ford,F150 Pickup 2WD,Standard Pickup Trucks,Automatic 4-spd,8,5,Regular,13,18,15
1993,Ford,F150 Pickup 2WD,Standard Pickup Trucks,Automatic 4-spd,8,5,Regular,13,18,15
1985,Toyota,Van 2WD,Vans,Automatic 4-spd,4,2,Regular,19,22,20
1993,Ford,F150 Pickup 2WD,Standard Pickup Trucks,Manual 4-spd,8,5,Regular,14,15,14
1993,Ford,F150 Pickup 2WD,Standard Pickup Trucks,Manual 5-spd,8,5,Regular,14,18,15
1993,Ford,F150 Pickup 2WD,Standard Pickup Trucks,Automatic 4-spd,8,5.8,Regular,11,16,13
1993,Ford,F250 Pickup 2WD,Standard Pickup Trucks,Automatic 4-spd,6,4.9,Regular,14,18,15
1993,Ford,F250 Pickup 2WD,Standard Pickup Trucks,Manual 4-spd,6,4.9,Regular,15,17,15
1993,Ford,F250 Pickup 2WD,Standard Pickup Trucks,Manual 5-spd,6,4.9,Regular,14,18,15
1993,Ford,F250 Pickup 2WD,Standard Pickup Trucks,Automatic 4-spd,8,5,Regular,13,17,14
1993,Ford,F250 Pickup 2WD,Standard Pickup Trucks,Manual 4-spd,8,5,Regular,13,15,14
1993,Ford,F250 Pickup 2WD,Standard Pickup Trucks,Manual 5-spd,8,5,Regular,14,18,15
1993,Ford,F250 Pickup 2WD,Standard Pickup Trucks,Automatic 4-spd,8,5.8,Regular,11,15,12
1985,Toyota,Van 2WD,Vans,Manual 5-spd,4,2,Regular,20,23,21
1993,Ford,Ranger Pickup 2WD,Standard Pickup Trucks,Automatic 4-spd,4,2.3,Regular,18,22,20
1993,Ford,Ranger Pickup 2WD,Standard Pickup Trucks,Manual 5-spd,4,2.3,Regular,20,26,22
1993,Ford,Ranger Pickup 2WD,Standard Pickup Trucks,Automatic 4-spd,6,3,Regular,16,22,18
1993,Ford,Ranger Pickup 2WD,Standard Pickup Trucks,Manual 5-spd,6,3,Regular,17,23,19
1993,Ford,Ranger Pickup 2WD,Standard Pickup Trucks,Automatic 4-spd,6,4,Regular,15,20,17
1993,Ford,Ranger Pickup 2WD,Standard Pickup Trucks,Manual 5-spd,6,4,Regular,16,22,18
1993,GMC,Sierra 1500 2WD,Standard Pickup Trucks,Automatic 4-spd,6,4.3,Regular,15,20,17
1993,GMC,Sierra 1500 2WD,Standard Pickup Trucks,Manual 5-spd,6,4.3,Regular,15,20,17
1993,GMC,Sierra 1500 2WD,Standard Pickup Trucks,Manual 5-spd,6,4.3,Regular,14,20,16
1993,GMC,Sierra 1500 2WD,Standard Pickup Trucks,Manual 5-spd,6,4.3,Regular,15,19,16
1985,Dodge,Colt,Subcompact Cars,Automatic 3-spd,4,1.5,Regular,26,29,27
1985,Volkswagen,Vanagon 2WD,Vans,Automatic 3-spd,4,1.9,Regular,15,17,16
1993,GMC,Sierra 1500 2WD,Standard Pickup Trucks,Automatic 4-spd,8,5,Regular,14,17,15
1993,GMC,Sierra 1500 2WD,Standard Pickup Trucks,Manual 5-spd,8,5,Regular,13,18,15
1993,GMC,Sierra 1500 2WD,Standard Pickup Trucks,Automatic 4-spd,8,5.7,Regular,13,17,14
1993,GMC,Sierra 1500 2WD,Standard Pickup Trucks,Manual 5-spd,8,5.7,Regular,12,17,14
1993,GMC,Sierra 1500 2WD,Standard Pickup Trucks,Manual 5-spd,8,5.7,Regular,12,16,14
1993,GMC,Sierra 2500 2WD,Standard Pickup Trucks,Automatic 4-spd,6,4.3,Regular,15,20,17
1993,GMC,Sierra 2500 2WD,Standard Pickup Trucks,Manual 5-spd,6,4.3,Regular,14,20,16
1993,GMC,Sierra 2500 2WD,Standard Pickup Trucks,Manual 5-spd,6,4.3,Regular,15,19,16
1993,GMC,Sierra 2500 2WD,Standard Pickup Trucks,Automatic 4-spd,8,5,Regular,13,17,14
1993,GMC,Sierra 2500 2WD,Standard Pickup Trucks,Manual 5-spd,8,5,Regular,13,17,15
1985,Volkswagen,Vanagon 2WD,Vans,Manual 4-spd,4,1.9,Regular,16,18,17
1993,GMC,Sierra 2500 2WD,Standard Pickup Trucks,Automatic 4-spd,8,5.7,Regular,13,17,14
1993,GMC,Sierra 2500 2WD,Standard Pickup Trucks,Manual 5-spd,8,5.7,Regular,12,17,14
1993,GMC,Sierra 2500 2WD,Standard Pickup Trucks,Manual 5-spd,8,5.7,Regular,11,16,13
1993,Mazda,B2200/B2600i,Standard Pickup Trucks,Automatic 4-spd,4,2.2,Regular,18,23,20
1993,Mazda,B2200/B2600i,Standard Pickup Trucks,Manual 5-spd,4,2.2,Regular,18,24,20
1993,Mazda,B2200/B2600i,Standard Pickup Trucks,Automatic 4-spd,4,2.2,Regular,18,24,20
1993,Mazda,B2200/B2600i,Standard Pickup Trucks,Manual 5-spd,4,2.2,Regular,21,24,22
1993,Mazda,B2200/B2600i,Standard Pickup Trucks,Automatic 4-spd,4,2.6,Regular,17,22,19
1993,Mazda,B2200/B2600i,Standard Pickup Trucks,Manual 5-spd,4,2.6,Regular,17,22,19
1993,Toyota,T100 2WD,Standard Pickup Trucks,Automatic 4-spd,4,2.4,Regular,19,23,21
1985,AM General,Post Office DJ5 2WD,Special Purpose Vehicle 2WD,Automatic 3-spd,4,2.5,Regular,16,17,16
1993,Toyota,T100 2WD,Standard Pickup Trucks,Manual 5-spd,4,2.4,Regular,20,26,22
1993,Toyota,T100 2WD,Standard Pickup Trucks,Automatic 4-spd,6,3,Regular,16,21,18
1993,Toyota,T100 2WD,Standard Pickup Trucks,Automatic 4-spd,6,3,Regular,15,19,16
1993,Toyota,T100 2WD,Standard Pickup Trucks,Manual 5-spd,6,3,Regular,15,20,17
1993,Chevrolet,K1500 Pickup 4WD,Standard Pickup Trucks,Automatic 4-spd,6,4.3,Regular,14,17,15
1993,Chevrolet,K1500 Pickup 4WD,Standard Pickup Trucks,Manual 5-spd,6,4.3,Regular,14,17,15
1993,Chevrolet,K1500 Pickup 4WD,Standard Pickup Trucks,Manual 5-spd,6,4.3,Regular,14,18,16
1993,Chevrolet,K1500 Pickup 4WD,Standard Pickup Trucks,Automatic 4-spd,8,5,Regular,12,17,14
1993,Chevrolet,K1500 Pickup 4WD,Standard Pickup Trucks,Manual 5-spd,8,5,Regular,12,16,13
1993,Chevrolet,K1500 Pickup 4WD,Standard Pickup Trucks,Automatic 4-spd,8,5.7,Regular,11,16,13
1985,AM General,Post Office DJ8 2WD,Special Purpose Vehicle 2WD,Automatic 3-spd,6,4.2,Regular,13,13,13
1993,Chevrolet,K1500 Pickup 4WD,Standard Pickup Trucks,Manual 5-spd,8,5.7,Regular,11,16,13
1993,Chevrolet,K1500 Pickup 4WD,Standard Pickup Trucks,Manual 5-spd,8,5.7,Regular,11,14,12
1993,Chevrolet,K1500 Pickup 4WD,Standard Pickup Trucks,Automatic 4-spd,8,6.2,Diesel,15,20,17
1993,Chevrolet,Pickup 2500 4WD,Standard Pickup Trucks,Automatic 4-spd,6,4.3,Regular,14,17,15
1993,Chevrolet,Pickup 2500 4WD,Standard Pickup Trucks,Manual 5-spd,6,4.3,Regular,13,17,14
1993,Chevrolet,Pickup 2500 4WD,Standard Pickup Trucks,Manual 5-spd,6,4.3,Regular,14,17,15
1993,Chevrolet,Pickup 2500 4WD,Standard Pickup Trucks,Automatic 4-spd,8,5,Regular,12,17,14
1993,Chevrolet,Pickup 2500 4WD,Standard Pickup Trucks,Manual 5-spd,8,5,Regular,12,16,13
1993,Chevrolet,Pickup 2500 4WD,Standard Pickup Trucks,Automatic 4-spd,8,5.7,Regular,11,16,13
1993,Chevrolet,Pickup 2500 4WD,Standard Pickup Trucks,Manual 5-spd,8,5.7,Regular,11,16,13
1985,Chevrolet,Suburban C10 2WD,Special Purpose Vehicle 2WD,Automatic 4-spd,8,5,Regular,12,16,14
1993,Chevrolet,Pickup 2500 4WD,Standard Pickup Trucks,Manual 5-spd,8,5.7,Regular,11,14,12
1993,Chevrolet,Pickup 2500 4WD,Standard Pickup Trucks,Automatic 4-spd,8,6.2,Diesel,15,20,17
1993,Chevrolet,S10 Pickup 4WD,Standard Pickup Trucks,Automatic 4-spd,6,4.3,Regular,15,19,16
1993,Chevrolet,S10 Pickup 4WD,Standard Pickup Trucks,Manual 5-spd,6,4.3,Regular,15,20,16
1993,Nissan,Truck 4WD,Standard Pickup Trucks,Manual 5-spd,4,2.4,Regular,16,20,18
1993,Nissan,Truck 4WD,Standard Pickup Trucks,Automatic 4-spd,6,3,Regular,14,17,15
1993,Nissan,Truck 4WD,Standard Pickup Trucks,Manual 5-spd,6,3,Regular,14,18,15
1993,Dodge,Dakota Pickup 4WD,Standard Pickup Trucks,Automatic 4-spd,6,3.9,Regular,13,17,14
1993,Dodge,Dakota Pickup 4WD,Standard Pickup Trucks,Manual 5-spd,6,3.9,Regular,14,18,15
1993,Dodge,Dakota Pickup 4WD,Standard Pickup Trucks,Automatic 4-spd,8,5.2,Regular,11,16,13
1985,Chevrolet,Suburban C10 2WD,Special Purpose Vehicle 2WD,Automatic 4-spd,8,5.7,Regular,11,16,13
1993,Dodge,Power Ram 50 4WD,Standard Pickup Trucks,Automatic 4-spd,4,2.4,Regular,16,19,17
1993,Dodge,Power Ram 50 4WD,Standard Pickup Trucks,Manual 5-spd,4,2.4,Regular,17,20,18
1993,Dodge,W100/W150 Pickup 4WD,Standard Pickup Trucks,Automatic 4-spd,6,3.9,Regular,12,16,14
1993,Dodge,W100/W150 Pickup 4WD,Standard Pickup Trucks,Manual 5-spd,6,3.9,Regular,11,16,13
1993,Dodge,W100/W150 Pickup 4WD,Standard Pickup Trucks,Automatic 4-spd,8,5.2,Regular,11,15,13
1993,Dodge,W100/W150 Pickup 4WD,Standard Pickup Trucks,Manual 5-spd,8,5.2,Regular,12,15,13
1993,Dodge,W100/W150 Pickup 4WD,Standard Pickup Trucks,Automatic 4-spd,8,5.9,Regular,10,14,12
1993,Dodge,W100/W150 Pickup 4WD,Standard Pickup Trucks,Manual 5-spd,8,5.9,Regular,10,13,11
1993,Dodge,W250 Pickup 4WD,Standard Pickup Trucks,Automatic 4-spd,8,5.2,Regular,11,15,12
1993,Dodge,W250 Pickup 4WD,Standard Pickup Trucks,Manual 5-spd,8,5.2,Regular,12,15,13
1985,Chevrolet,Suburban C10 2WD,Special Purpose Vehicle 2WD,Automatic 4-spd,8,6.2,Diesel,15,22,18
1993,Dodge,W250 Pickup 4WD,Standard Pickup Trucks,Automatic 4-spd,8,5.9,Regular,10,14,12
1993,Dodge,W250 Pickup 4WD,Standard Pickup Trucks,Manual 5-spd,8,5.9,Regular,10,13,11
1993,Jeep,Comanche Pickup 2WD,Standard Pickup Trucks,Manual 4-spd,4,2.5,Regular,18,21,19
1993,Jeep,Comanche Pickup 2WD,Standard Pickup Trucks,Manual 5-spd,4,2.5,Regular,17,21,19
1993,Jeep,Comanche Pickup 2WD,Standard Pickup Trucks,Automatic 4-spd,6,4,Regular,14,19,16
1993,Jeep,Comanche Pickup 2WD,Standard Pickup Trucks,Manual 5-spd,6,4,Regular,15,20,17
1993,Ford,F150 Pickup 4WD,Standard Pickup Trucks,Automatic 4-spd,6,4.9,Regular,13,17,14
1993,Ford,F150 Pickup 4WD,Standard Pickup Trucks,Manual 4-spd,6,4.9,Regular,14,16,15
1993,Ford,F150 Pickup 4WD,Standard Pickup Trucks,Manual 5-spd,6,4.9,Regular,14,17,15
1993,Ford,F150 Pickup 4WD,Standard Pickup Trucks,Automatic 4-spd,8,5,Regular,12,17,14
1985,Chevrolet,S10 Blazer 2WD,Special Purpose Vehicle 2WD,Automatic 4-spd,4,2.5,Regular,18,24,20
1993,Ford,F150 Pickup 4WD,Standard Pickup Trucks,Automatic 4-spd,8,5,Regular,12,17,14
1993,Ford,F150 Pickup 4WD,Standard Pickup Trucks,Manual 4-spd,8,5,Regular,12,15,13
1993,Ford,F150 Pickup 4WD,Standard Pickup Trucks,Manual 5-spd,8,5,Regular,12,16,13
1993,Ford,F150 Pickup 4WD,Standard Pickup Trucks,Automatic 4-spd,8,5.8,Regular,11,15,12
1993,Ford,Ranger Pickup 4WD,Standard Pickup Trucks,Manual 5-spd,4,2.3,Regular,19,24,21
1993,Ford,Ranger Pickup 4WD,Standard Pickup Trucks,Automatic 4-spd,6,3,Regular,16,20,18
1993,Ford,Ranger Pickup 4WD,Standard Pickup Trucks,Manual 5-spd,6,3,Regular,16,22,18
1993,Ford,Ranger Pickup 4WD,Standard Pickup Trucks,Automatic 4-spd,6,4,Regular,15,20,17
1993,Ford,Ranger Pickup 4WD,Standard Pickup Trucks,Manual 5-spd,6,4,Regular,16,21,18
1993,GMC,Sierra 1500 4WD,Standard Pickup Trucks,Automatic 4-spd,6,4.3,Regular,14,17,15
1985,Chevrolet,S10 Blazer 2WD,Special Purpose Vehicle 2WD,Manual 4-spd,4,2.5,Regular,19,24,21
1993,GMC,Sierra 1500 4WD,Standard Pickup Trucks,Manual 5-spd,6,4.3,Regular,14,17,15
1993,GMC,Sierra 1500 4WD,Standard Pickup Trucks,Manual 5-spd,6,4.3,Regular,14,18,16
1993,GMC,Sierra 1500 4WD,Standard Pickup Trucks,Automatic 4-spd,8,5,Regular,12,17,14
1993,GMC,Sierra 1500 4WD,Standard Pickup Trucks,Manual 5-spd,8,5,Regular,12,16,13
1993,GMC,Sierra 1500 4WD,Standard Pickup Trucks,Automatic 4-spd,8,5.7,Regular,11,16,13
1993,GMC,Sierra 1500 4WD,Standard Pickup Trucks,Manual 5-spd,8,5.7,Regular,11,16,13
1993,GMC,Sierra 1500 4WD,Standard Pickup Trucks,Manual 5-spd,8,5.7,Regular,11,14,12
1993,GMC,Sierra 1500 4WD,Standard Pickup Trucks,Automatic 4-spd,8,6.2,Diesel,15,20,17
1993,GMC,Sierra 2500 4WD,Standard Pickup Trucks,Automatic 4-spd,6,4.3,Regular,14,17,15
1993,GMC,Sierra 2500 4WD,Standard Pickup Trucks,Manual 5-spd,6,4.3,Regular,13,17,14
1985,Chevrolet,S10 Blazer 2WD,Special Purpose Vehicle 2WD,Manual 5-spd,4,2.5,Regular,19,26,22
1993,GMC,Sierra 2500 4WD,Standard Pickup Trucks,Manual 5-spd,6,4.3,Regular,14,17,15
1993,GMC,Sierra 2500 4WD,Standard Pickup Trucks,Automatic 4-spd,8,5,Regular,12,17,14
1993,GMC,Sierra 2500 4WD,Standard Pickup Trucks,Manual 5-spd,8,5,Regular,11,16,13
1993,GMC,Sierra 2500 4WD,Standard Pickup Trucks,Automatic 4-spd,8,5.7,Regular,11,16,13
1993,GMC,Sierra 2500 4WD,Standard Pickup Trucks,Manual 5-spd,8,5.7,Regular,11,16,13
1993,GMC,Sierra 2500 4WD,Standard Pickup Trucks,Manual 5-spd,8,5.7,Regular,11,14,12
1993,GMC,Sierra 2500 4WD,Standard Pickup Trucks,Automatic 4-spd,8,6.2,Diesel,15,20,17
1993,GMC,Sonoma 4WD,Standard Pickup Trucks,Automatic 4-spd,6,4.3,Premium,15,20,16
1993,GMC,Sonoma 4WD,Standard Pickup Trucks,Automatic 4-spd,6,4.3,Regular,15,19,16
1993,GMC,Sonoma 4WD,Standard Pickup Trucks,Manual 5-spd,6,4.3,Regular,15,20,16
1985,Dodge,Colt,Subcompact Cars,Manual 4-spd,4,1.5,Regular,31,37,34
1985,Chevrolet,S10 Blazer 2WD,Special Purpose Vehicle 2WD,Automatic 4-spd,6,2.8,Regular,15,23,18
1993,Isuzu,Pickup 4WD,Standard Pickup Trucks,Manual 5-spd,4,2.6,Regular,15,19,17
1993,Isuzu,Pickup 4WD,Standard Pickup Trucks,Manual 5-spd,6,3.1,Regular,14,17,15
1993,Mitsubishi,Truck 4WD,Standard Pickup Trucks,Automatic 4-spd,4,2.4,Regular,16,19,17
1993,Mitsubishi,Truck 4WD,Standard Pickup Trucks,Manual 5-spd,4,2.4,Regular,17,20,18
1993,Mitsubishi,Truck 4WD,Standard Pickup Trucks,Manual 5-spd,6,3,Regular,15,20,17
1993,Mazda,B2600i 4x4,Standard Pickup Trucks,Automatic 4-spd,4,2.6,Regular,15,19,17
1993,Mazda,B2600i 4x4,Standard Pickup Trucks,Manual 5-spd,4,2.6,Regular,16,19,17
1993,Toyota,Truck 4WD/T100 4WD,Standard Pickup Trucks,Automatic 4-spd,4,2.4,Regular,16,18,17
1993,Toyota,Truck 4WD/T100 4WD,Standard Pickup Trucks,Manual 5-spd,4,2.4,Regular,17,20,18
1993,Toyota,Truck 4WD/T100 4WD,Standard Pickup Trucks,Automatic 4-spd,6,3,Regular,12,16,13
1985,Chevrolet,S10 Blazer 2WD,Special Purpose Vehicle 2WD,Manual 4-spd,6,2.8,Regular,16,23,19
1993,Toyota,Truck 4WD/T100 4WD,Standard Pickup Trucks,Automatic 4-spd,6,3,Regular,13,16,14
1993,Toyota,Truck 4WD/T100 4WD,Standard Pickup Trucks,Manual 5-spd,6,3,Regular,14,17,15
1993,Chevrolet,Astro AWD (cargo),Vans,Automatic 4-spd,6,4.3,Premium,14,20,16
1993,Chevrolet,Astro 2WD (cargo),Vans,Automatic 4-spd,6,4.3,Premium,15,21,17
1993,Chevrolet,Astro 2WD (cargo),Vans,Automatic 4-spd,6,4.3,Regular,15,20,17
1993,Chevrolet,G10/20 Van 2WD,Vans,Automatic 4-spd,6,4.3,Regular,15,20,17
1993,Chevrolet,G10/20 Van 2WD,Vans,Automatic 4-spd,8,5,Regular,13,17,15
1993,Chevrolet,G10/20 Van 2WD,Vans,Automatic 4-spd,8,5.7,Regular,13,17,14
1993,Chevrolet,G30 Van 2WD,Vans,Automatic 4-spd,6,4.3,Regular,15,20,16
1993,Chevrolet,G30 Van 2WD,Vans,Automatic 4-spd,8,5.7,Regular,13,18,14
1985,Chevrolet,S10 Blazer 2WD,Special Purpose Vehicle 2WD,Manual 5-spd,6,2.8,Regular,15,22,18
1993,Dodge,B150/B250 Van 2WD,Vans,Automatic 4-spd,6,3.9,Regular,13,16,14
1993,Dodge,B150/B250 Van 2WD,Vans,Automatic 3-spd,6,3.9,Regular,14,16,15
1993,Dodge,B150/B250 Van 2WD,Vans,Manual 5-spd,6,3.9,Regular,12,17,14
1993,Dodge,B150/B250 Van 2WD,Vans,Automatic 3-spd,8,5.2,Regular,11,13,12
1993,Dodge,B150/B250 Van 2WD,Vans,Automatic 4-spd,8,5.2,Regular,11,16,13
1993,Dodge,B150/B250 Van 2WD,Vans,Automatic 4-spd,8,5.9,Regular,11,15,13
1993,Dodge,B350 Van 2WD,Vans,Automatic 3-spd,6,3.9,Regular,14,16,14
1993,Dodge,B350 Van 2WD,Vans,Automatic 4-spd,8,5.2,Regular,11,16,13
1993,Dodge,B350 Van 2WD,Vans,Automatic 4-spd,8,5.9,Regular,11,14,12
1993,Ford,Aerostar Van,Vans,Automatic 4-spd,6,3,Regular,16,22,18
1985,Dodge,AD100/AD150 Ramcharger 2WD,Special Purpose Vehicle 2WD,Automatic 3-spd,8,5.2,Regular,11,12,11
1993,Ford,Aerostar Van,Vans,Manual 5-spd,6,3,Regular,17,23,19
1993,Ford,Aerostar Van,Vans,Automatic 4-spd,6,4,Regular,15,20,17
1993,Ford,Aerostar Van AWD,Vans,Automatic 4-spd,6,4,Regular,15,20,17
1993,Ford,E150 Econoline 2WD,Vans,Automatic 3-spd,6,4.9,Regular,13,15,14
1993,Ford,E150 Econoline 2WD,Vans,Automatic 4-spd,6,4.9,Regular,13,17,15
1993,Ford,E150 Econoline 2WD,Vans,Automatic 4-spd,8,5,Regular,12,17,14
1993,Ford,E150 Econoline 2WD,Vans,Automatic 4-spd,8,5,Regular,12,17,14
1993,Ford,E150 Econoline 2WD,Vans,Automatic 4-spd,8,5.8,Regular,11,15,12
1993,Ford,E250 Econoline 2WD,Vans,Automatic 3-spd,6,4.9,Regular,12,14,13
1993,Ford,E250 Econoline 2WD,Vans,Automatic 4-spd,6,4.9,Regular,12,17,14
1985,Dodge,AD100/AD150 Ramcharger 2WD,Special Purpose Vehicle 2WD,Automatic 3-spd,8,5.2,Regular,11,13,12
1993,Ford,E250 Econoline 2WD,Vans,Automatic 4-spd,8,5.8,Regular,10,14,11
1993,GMC,Vandura G15/25 2WD,Vans,Automatic 4-spd,6,4.3,Regular,15,20,17
1993,GMC,Vandura G15/25 2WD,Vans,Automatic 4-spd,8,5,Regular,13,17,15
1993,GMC,Vandura G15/25 2WD,Vans,Automatic 4-spd,8,5.7,Regular,13,17,14
1993,GMC,Vandura G35 2WD,Vans,Automatic 4-spd,6,4.3,Regular,15,20,17
1993,GMC,Vandura G35 2WD,Vans,Automatic 4-spd,8,5.7,Regular,13,18,14
1993,GMC,Safari AWD (cargo),Vans,Automatic 4-spd,6,4.3,Premium,14,20,16
1993,GMC,Safari 2WD (cargo),Vans,Automatic 4-spd,6,4.3,Premium,15,21,17
1993,GMC,Safari 2WD (cargo),Vans,Automatic 4-spd,6,4.3,Regular,15,20,17
1993,Chevrolet,Astro AWD (passenger),Vans,Automatic 4-spd,6,4.3,Premium,14,18,15
1985,Dodge,AD100/AD150 Ramcharger 2WD,Special Purpose Vehicle 2WD,Automatic 3-spd,8,5.2,Regular,12,15,13
1993,Chevrolet,Astro 2WD (passenger),Vans,Automatic 4-spd,6,4.3,Premium,14,19,16
1993,Chevrolet,Astro 2WD (passenger),Vans,Automatic 4-spd,6,4.3,Regular,15,20,17
1993,Chevrolet,Sport Van G10/20 2WD,Vans,Automatic 4-spd,6,4.3,Regular,14,17,15
1993,Chevrolet,Sport Van G10/20 2WD,Vans,Automatic 4-spd,8,5,Regular,12,16,13
1993,Chevrolet,Sport Van G10/20 2WD,Vans,Automatic 4-spd,8,5.7,Regular,11,16,13
1993,Chevrolet,Sport Van G30 2WD,Vans,Automatic 4-spd,8,5.7,Regular,11,16,13
1993,Dodge,B150/B250 Wagon 2WD,Vans,Automatic 4-spd,6,3.9,Regular,12,16,14
1993,Dodge,B150/B250 Wagon 2WD,Vans,Automatic 3-spd,6,3.9,Regular,13,16,14
1993,Dodge,B150/B250 Wagon 2WD,Vans,Manual 5-spd,6,3.9,Regular,12,17,14
1993,Dodge,B150/B250 Wagon 2WD,Vans,Automatic 3-spd,8,5.2,Regular,11,13,12
1985,Dodge,AD100/AD150 Ramcharger 2WD,Special Purpose Vehicle 2WD,Automatic 3-spd,8,5.9,Regular,10,12,11
1993,Dodge,B150/B250 Wagon 2WD,Vans,Automatic 4-spd,8,5.2,Regular,11,16,13
1993,Dodge,B150/B250 Wagon 2WD,Vans,Automatic 4-spd,8,5.9,Regular,11,14,12
1993,Dodge,B350 Wagon 2WD,Vans,Automatic 4-spd,8,5.2,Regular,11,14,12
1993,Dodge,B350 Wagon 2WD,Vans,Automatic 4-spd,8,5.9,Regular,10,13,12
1993,Ford,Aerostar Wagon,Vans,Automatic 4-spd,6,3,Regular,15,21,17
1993,Ford,Aerostar Wagon,Vans,Manual 5-spd,6,3,Regular,15,22,17
1993,Ford,Aerostar Wagon,Vans,Automatic 4-spd,6,4,Regular,15,20,17
1993,Ford,Aerostar Wagon AWD,Vans,Automatic 4-spd,6,4,Regular,14,18,16
1993,Ford,E150 Club Wagon,Vans,Automatic 4-spd,6,4.9,Regular,12,17,14
1993,Ford,E150 Club Wagon,Vans,Automatic 4-spd,8,5,Regular,12,16,14
1985,Dodge,Caravan/Ram Van 2WD,Special Purpose Vehicle 2WD,Automatic 3-spd,4,2.2,Regular,16,19,17
1993,Ford,E150 Club Wagon,Vans,Automatic 4-spd,8,5,Regular,11,15,13
1993,Ford,E150 Club Wagon,Vans,Automatic 4-spd,8,5.8,Regular,10,14,12
1993,GMC,Rally G15/25 2WD,Vans,Automatic 4-spd,6,4.3,Regular,14,17,15
1993,GMC,Rally G15/25 2WD,Vans,Automatic 4-spd,8,5,Regular,12,16,13
1993,GMC,Rally G15/25 2WD,Vans,Automatic 4-spd,8,5.7,Regular,11,16,13
1993,GMC,Rally G35 2WD,Vans,Automatic 4-spd,8,5.7,Regular,11,16,13
1993,GMC,Safari AWD (passenger),Vans,Automatic 4-spd,6,4.3,Premium,14,18,15
1993,GMC,Safari 2WD (passenger),Vans,Automatic 4-spd,6,4.3,Premium,14,19,16
1993,GMC,Safari 2WD (passenger),Vans,Automatic 4-spd,6,4.3,Regular,15,20,17
1993,Toyota,Previa,Vans,Automatic 4-spd,4,2.4,Regular,15,20,17
1985,Dodge,Caravan/Ram Van 2WD,Special Purpose Vehicle 2WD,Automatic 3-spd,4,2.2,Regular,17,20,18
1993,Toyota,Previa,Vans,Manual 5-spd,4,2.4,Regular,16,20,18
1993,Toyota,Previa All-Trac,Vans,Automatic 4-spd,4,2.4,Regular,15,19,17
1993,Volkswagen,Eurovan,Vans,Automatic 4-spd,5,2.5,Regular,15,18,16
1993,Volkswagen,Eurovan,Vans,Manual 5-spd,5,2.5,Regular,15,20,17
1993,Chevrolet,Lumina/APV Minivan 2WD,Special Purpose Vehicles,Automatic 3-spd,6,3.1,Regular,16,21,18
1993,Chevrolet,Lumina/APV Minivan 2WD,Special Purpose Vehicles,Automatic 4-spd,6,3.8,Regular,15,23,18
1993,Chevrolet,Suburban 1500 2WD,Special Purpose Vehicles,Automatic 4-spd,8,5.7,Regular,11,16,13
1993,Chevrolet,S10 Blazer 2WD,Special Purpose Vehicles,Automatic 4-spd,6,4.3,Premium,15,22,18
1993,Chevrolet,S10 Blazer 2WD,Special Purpose Vehicles,Manual 5-spd,6,4.3,Regular,16,22,18
1993,Nissan,Pathfinder 2WD,Special Purpose Vehicles,Automatic 4-spd,6,3,Regular,15,19,16
1985,Dodge,Caravan/Ram Van 2WD,Special Purpose Vehicle 2WD,Manual 4-spd,4,2.2,Regular,21,26,23
1993,Nissan,Pathfinder 2WD,Special Purpose Vehicles,Manual 5-spd,6,3,Regular,14,17,15
1993,Nissan,Quest,Special Purpose Vehicles,Automatic 4-spd,6,3,Regular,16,21,18
1993,Chrysler,Town and Country 2WD,Special Purpose Vehicles,Automatic 4-spd,6,3.3,Regular,16,22,18
1993,Dodge,Caravan C/V/Grand Caravan 2WD,Special Purpose Vehicles,Automatic 3-spd,4,2.5,Regular,18,24,20
1993,Dodge,Caravan C/V/Grand Caravan 2WD,Special Purpose Vehicles,Manual 5-spd,4,2.5,Regular,18,28,21
1993,Dodge,Caravan C/V/Grand Caravan 2WD,Special Purpose Vehicles,Automatic 3-spd,6,3,Regular,17,22,19
1993,Dodge,Caravan C/V/Grand Caravan 2WD,Special Purpose Vehicles,Automatic 4-spd,6,3.3,Regular,16,22,18
1993,Dodge,Caravan/Grand Caravan 2WD,Special Purpose Vehicles,Automatic 3-spd,4,2.5,Regular,18,24,20
1993,Dodge,Caravan/Grand Caravan 2WD,Special Purpose Vehicles,Manual 5-spd,4,2.5,Regular,18,28,21
1993,Dodge,Caravan/Grand Caravan 2WD,Special Purpose Vehicles,Automatic 3-spd,6,3,Regular,17,22,19
1985,Dodge,Colt,Subcompact Cars,Manual 5-spd,4,1.5,Regular,27,35,30
1985,Dodge,Caravan/Ram Van 2WD,Special Purpose Vehicle 2WD,Manual 4-spd,4,2.2,Regular,21,26,23
1993,Dodge,Caravan/Grand Caravan 2WD,Special Purpose Vehicles,Automatic 4-spd,6,3.3,Regular,16,22,18
1993,Dodge,Ramcharger 2WD,Special Purpose Vehicles,Automatic 4-spd,8,5.2,Regular,11,16,13
1993,Dodge,Ramcharger 2WD,Special Purpose Vehicles,Automatic 4-spd,8,5.9,Regular,11,15,13
1993,Jeep,Cherokee 2WD,Special Purpose Vehicles,Manual 5-spd,4,2.5,Regular,18,22,19
1993,Jeep,Cherokee 2WD,Special Purpose Vehicles,Automatic 4-spd,6,4,Regular,14,19,16
1993,Jeep,Cherokee 2WD,Special Purpose Vehicles,Manual 5-spd,6,4,Regular,15,20,17
1993,Ford,Explorer 2WD,Special Purpose Vehicles,Automatic 4-spd,6,4,Regular,15,20,17
1993,Ford,Explorer 2WD,Special Purpose Vehicles,Manual 5-spd,6,4,Regular,16,22,18
1993,Mercury,Villager FWD Van,Special Purpose Vehicles,Automatic 4-spd,6,3,Regular,16,21,18
1993,Mercury,Villager FWD Wagon,Special Purpose Vehicles,Automatic 4-spd,6,3,Regular,16,21,18
1985,Dodge,Caravan/Ram Van 2WD,Special Purpose Vehicle 2WD,Manual 5-spd,4,2.2,Regular,18,25,21
1993,Geo,Tracker Convertible 2WD,Special Purpose Vehicles,Automatic 3-spd,4,1.6,Regular,20,22,21
1993,Geo,Tracker Convertible 2WD,Special Purpose Vehicles,Manual 5-spd,4,1.6,Regular,22,24,23
1993,GMC,Suburban 1500 2WD,Special Purpose Vehicles,Automatic 4-spd,8,5.7,Regular,11,16,13
1993,GMC,Jimmy 2WD,Special Purpose Vehicles,Automatic 4-spd,6,4.3,Premium,15,22,18
1993,GMC,Jimmy 2WD,Special Purpose Vehicles,Manual 5-spd,6,4.3,Regular,16,22,18
1993,Isuzu,Amigo 2WD,Special Purpose Vehicles,Manual 5-spd,4,2.3,Regular,16,19,17
1993,Isuzu,Amigo 2WD,Special Purpose Vehicles,Automatic 4-spd,4,2.6,Regular,15,19,17
1993,Isuzu,Amigo 2WD,Special Purpose Vehicles,Manual 5-spd,4,2.6,Regular,15,19,17
1993,Isuzu,Rodeo 2WD,Special Purpose Vehicles,Manual 5-spd,4,2.6,Regular,16,20,17
1993,Mazda,MPV,Special Purpose Vehicles,Automatic 4-spd,4,2.6,Regular,16,22,18
1985,Dodge,Caravan/Ram Van 2WD,Special Purpose Vehicle 2WD,Manual 5-spd,4,2.2,Regular,18,25,20
1993,Mazda,MPV,Special Purpose Vehicles,Automatic 4-spd,6,3,Regular,15,20,17
1993,Pontiac,Trans Sport 2WD,Special Purpose Vehicles,Automatic 3-spd,6,3.1,Regular,16,21,18
1993,Pontiac,Trans Sport 2WD,Special Purpose Vehicles,Automatic 4-spd,6,3.8,Regular,15,23,18
1993,Plymouth,Voyager/Grand Voyager 2WD,Special Purpose Vehicles,Automatic 3-spd,4,2.5,Regular,18,24,20
1993,Plymouth,Voyager/Grand Voyager 2WD,Special Purpose Vehicles,Manual 5-spd,4,2.5,Regular,18,28,21
1993,Plymouth,Voyager/Grand Voyager 2WD,Special Purpose Vehicles,Automatic 3-spd,6,3,Regular,17,22,19
1993,Plymouth,Voyager/Grand Voyager 2WD,Special Purpose Vehicles,Automatic 4-spd,6,3.3,Regular,16,22,18
1993,Suzuki,Samurai 2WD,Special Purpose Vehicles,Manual 5-spd,4,1.3,Regular,24,26,25
1993,Suzuki,Sidekick Hardtop 2WD,Special Purpose Vehicles,Manual 5-spd,4,1.6,Regular,21,24,22
1993,Suzuki,Sidekick Hardtop 2WD,Special Purpose Vehicles,Manual 5-spd,4,1.6,Regular,20,24,21
1985,Dodge,Caravan/Ram Van 2WD,Special Purpose Vehicle 2WD,Automatic 3-spd,4,2.6,Regular,16,20,17
1993,Suzuki,Sidekick 2WD,Special Purpose Vehicles,Automatic 3-spd,4,1.6,Regular,20,22,21
1993,Suzuki,Sidekick 2WD,Special Purpose Vehicles,Manual 5-spd,4,1.6,Regular,22,24,23
1993,Oldsmobile,Silhouette 2WD,Special Purpose Vehicles,Automatic 3-spd,6,3.1,Regular,16,21,18
1993,Oldsmobile,Silhouette 2WD,Special Purpose Vehicles,Automatic 4-spd,6,3.8,Regular,15,23,18
1993,Toyota,4Runner 2WD,Special Purpose Vehicles,Automatic 4-spd,6,3,Regular,15,19,17
1993,Chevrolet,Blazer 1500 4WD,Special Purpose Vehicles,Automatic 4-spd,8,5.7,Regular,11,15,13
1993,Chevrolet,Blazer 1500 4WD,Special Purpose Vehicles,Manual 5-spd,8,5.7,Regular,11,16,13
1993,Chevrolet,Suburban 1500 4WD,Special Purpose Vehicles,Automatic 4-spd,8,5.7,Regular,11,15,12
1993,Chevrolet,S10 Blazer 4WD,Special Purpose Vehicles,Automatic 4-spd,6,4.3,Premium,15,20,16
1993,Chevrolet,S10 Blazer 4WD,Special Purpose Vehicles,Manual 5-spd,6,4.3,Regular,15,20,16
1985,E. P. Dutton  Inc.,Funeral Coach,Special Purpose Vehicles,Automatic 4-spd,8,4.1,Regular,15,21,17
1993,Nissan,Pathfinder 4WD,Special Purpose Vehicles,Automatic 4-spd,6,3,Regular,14,17,15
1993,Nissan,Pathfinder 4WD,Special Purpose Vehicles,Manual 5-spd,6,3,Regular,14,17,15
1993,Chrysler,Town and Country 4WD,Special Purpose Vehicles,Automatic 4-spd,6,3.3,Regular,15,20,17
1993,Dodge,Caravan/Grand Caravan 4WD,Special Purpose Vehicles,Automatic 4-spd,6,3.3,Regular,15,20,17
1993,Dodge,Ramcharger 4WD,Special Purpose Vehicles,Automatic 4-spd,8,5.2,Regular,11,15,12
1993,Dodge,Ramcharger 4WD,Special Purpose Vehicles,Automatic 4-spd,8,5.9,Regular,10,14,12
1993,Jeep,Cherokee 4WD,Special Purpose Vehicles,Manual 5-spd,4,2.5,Regular,17,20,18
1993,Jeep,Cherokee 4WD,Special Purpose Vehicles,Automatic 4-spd,6,4,Regular,14,18,15
1993,Jeep,Cherokee 4WD,Special Purpose Vehicles,Manual 5-spd,6,4,Regular,15,18,16
1993,Jeep,Grand Cherokee 4WD,Special Purpose Vehicles,Automatic 4-spd,6,4,Regular,13,19,15
1985,GMC,C15 Suburban 2WD,Special Purpose Vehicle 2WD,Automatic 4-spd,8,5,Regular,12,16,14
1993,Jeep,Grand Cherokee 4WD,Special Purpose Vehicles,Automatic 4-spd,6,4,Regular,13,19,15
1993,Jeep,Grand Cherokee 4WD,Special Purpose Vehicles,Manual 5-spd,6,4,Regular,15,20,16
1993,Jeep,Grand Cherokee 4WD,Special Purpose Vehicles,Manual 5-spd,6,4,Regular,15,20,16
1993,Jeep,Grand Cherokee 4WD,Special Purpose Vehicles,Automatic 4-spd,8,5.2,Regular,12,17,14
1993,Jeep,Wrangler 4WD,Special Purpose Vehicles,Manual 5-spd,4,2.5,Regular,16,19,17
1993,Jeep,Wrangler 4WD,Special Purpose Vehicles,Automatic 3-spd,6,4,Regular,14,15,14
1993,Jeep,Wrangler 4WD,Special Purpose Vehicles,Manual 5-spd,6,4,Regular,15,18,16
1993,Ford,Bronco 4WD,Special Purpose Vehicles,Automatic 4-spd,8,5,Regular,12,17,14
1993,Ford,Bronco 4WD,Special Purpose Vehicles,Manual 5-spd,8,5,Regular,12,16,13
1993,Ford,Bronco 4WD,Special Purpose Vehicles,Automatic 4-spd,8,5.8,Regular,11,15,12
1985,GMC,C15 Suburban 2WD,Special Purpose Vehicle 2WD,Automatic 4-spd,8,5.7,Regular,11,16,13
1993,Ford,Explorer 4WD,Special Purpose Vehicles,Automatic 4-spd,6,4,Regular,14,18,16
1993,Ford,Explorer 4WD,Special Purpose Vehicles,Manual 5-spd,6,4,Regular,15,20,17
1993,Geo,Tracker Convertible 4WD,Special Purpose Vehicles,Automatic 3-spd,4,1.6,Regular,20,22,21
1993,Geo,Tracker Convertible 4WD,Special Purpose Vehicles,Manual 5-spd,4,1.6,Regular,22,24,23
1993,Geo,Tracker Van 4WD,Special Purpose Vehicles,Automatic 3-spd,4,1.6,Regular,20,22,21
1993,Geo,Tracker Van 4WD,Special Purpose Vehicles,Manual 5-spd,4,1.6,Regular,22,24,23
1993,GMC,Jimmy 4WD,Special Purpose Vehicles,Automatic 4-spd,6,4.3,Premium,15,20,16
1993,GMC,Jimmy 4WD,Special Purpose Vehicles,Manual 5-spd,6,4.3,Regular,15,20,16
1993,GMC,Suburban 1500 4WD,Special Purpose Vehicles,Automatic 4-spd,8,5.7,Regular,11,15,12
1993,GMC,Yukon 1500 4WD,Special Purpose Vehicles,Automatic 4-spd,8,5.7,Regular,11,15,13
1985,GMC,C15 Suburban 2WD,Special Purpose Vehicle 2WD,Automatic 4-spd,8,6.2,Diesel,15,22,18
1993,GMC,Yukon 1500 4WD,Special Purpose Vehicles,Manual 5-spd,8,5.7,Regular,11,16,13
1993,Isuzu,Amigo 4WD,Special Purpose Vehicles,Manual 5-spd,4,2.6,Regular,16,20,17
1993,Isuzu,Trooper,Special Purpose Vehicles,Automatic 4-spd,6,3.2,Regular,14,17,15
1993,Isuzu,Trooper,Special Purpose Vehicles,Automatic 4-spd,6,3.2,Regular,14,17,15
1993,Isuzu,Trooper,Special Purpose Vehicles,Manual 5-spd,6,3.2,Regular,13,16,14
1993,Isuzu,Trooper,Special Purpose Vehicles,Manual 5-spd,6,3.2,Regular,14,17,16
1993,Land Rover,Defender 110,Special Purpose Vehicles,Manual 5-spd,8,3.9,Premium,9,11,10
1993,Land Rover,Range Rover County,Special Purpose Vehicles,Automatic 4-spd,8,3.9,Premium,11,14,12
1993,Land Rover,Range Rover County LWB,Special Purpose Vehicles,Automatic 4-spd,8,4.3,Premium,11,14,12
1993,Mitsubishi,Montero,Special Purpose Vehicles,Automatic 4-spd,6,3,Regular,14,17,15
1985,GMC,S15 Jimmy 2WD,Special Purpose Vehicle 2WD,Automatic 4-spd,4,2.5,Regular,18,24,20
1993,Mitsubishi,Montero,Special Purpose Vehicles,Manual 5-spd,6,3,Regular,14,17,15
1993,Mazda,MPV 4x4,Special Purpose Vehicles,Automatic 4-spd,6,3,Regular,14,17,15
1993,Mazda,Navajo,Special Purpose Vehicles,Automatic 4-spd,6,4,Regular,15,20,17
1993,Mazda,Navajo,Special Purpose Vehicles,Manual 5-spd,6,4,Regular,16,21,18
1993,Mazda,Navajo 4x4,Special Purpose Vehicles,Automatic 4-spd,6,4,Regular,14,18,16
1993,Mazda,Navajo 4x4,Special Purpose Vehicles,Manual 5-spd,6,4,Regular,16,21,18
1993,PAS  Inc,Pas-Typhoon,Special Purpose Vehicles,Automatic 4-spd,6,4.3,Premium,13,17,14
1993,Plymouth,Voyager/Grand Voyager 4WD,Special Purpose Vehicles,Automatic 4-spd,6,3.3,Regular,15,20,17
1993,Subaru,Loyale AWD,Special Purpose Vehicles,Automatic 3-spd,4,1.8,Regular,19,22,20
1993,Subaru,Loyale AWD,Special Purpose Vehicles,Manual 5-spd,4,1.8,Regular,21,26,23
1985,GMC,S15 Jimmy 2WD,Special Purpose Vehicle 2WD,Manual 4-spd,4,2.5,Regular,19,24,21
1993,Subaru,Loyale Wagon AWD,Special Purpose Vehicles,Automatic 3-spd,4,1.8,Regular,19,20,20
1993,Subaru,Loyale Wagon AWD,Special Purpose Vehicles,Manual 5-spd,4,1.8,Regular,21,26,23
1993,Suzuki,Samurai Soft-top 4WD,Special Purpose Vehicles,Manual 5-spd,4,1.3,Regular,24,26,25
1993,Suzuki,Sidekick Hardtop 4WD,Special Purpose Vehicles,Automatic 3-spd,4,1.6,Regular,20,22,21
1993,Suzuki,Sidekick Hardtop 4WD,Special Purpose Vehicles,Automatic 4-spd,4,1.6,Regular,19,24,21
1993,Suzuki,Sidekick Hardtop 4WD,Special Purpose Vehicles,Automatic 4-spd,4,1.6,Regular,19,24,21
1993,Suzuki,Sidekick Hardtop 4WD,Special Purpose Vehicles,Manual 5-spd,4,1.6,Regular,20,24,21
1993,Suzuki,Sidekick Hardtop 4WD,Special Purpose Vehicles,Manual 5-spd,4,1.6,Regular,22,24,23
1993,Suzuki,Sidekick Hardtop 4WD,Special Purpose Vehicles,Manual 5-spd,4,1.6,Regular,21,24,22